[
  {
    "q": "سود سپرده بانکی چطور محاسبه می‌شود؟",
    "a": "بر اساس مبلغ سپرده، نرخ سود سالانه و مدت زمان نگهداری، سود تقریبی محاسبه می‌شود."
  },
  {
    "q": "سود ماهانه با سود سالانه چه تفاوتی دارد؟",
    "a": "سود ماهانه معمولاً تقسیم سود سالانه بر ۱۲ است (در حالت ساده)، اما شرایط حساب می‌تواند متفاوت باشد."
  },
  {
    "q": "آیا سود مرکب هم پشتیبانی می‌شود؟",
    "a": "در صورت فعال بودن حالت مرکب، سودهای دوره‌ای به اصل اضافه می‌شوند. در غیر این صورت محاسبه ساده انجام می‌شود."
  },
  {
    "q": "آیا اطلاعات سپرده من ارسال می‌شود؟",
    "a": "خیر، همه محاسبات در مرورگر انجام می‌شود."
  },
  {
    "q": "آیا این ابزار رسمی بانک است؟",
    "a": "خیر، یک ابزار محاسبه‌گر عمومی است و نتایج تقریبی هستند. برای ارقام قطعی به قرارداد بانک مراجعه کنید."
  }
]