[
  {
    "q": "آیا این محاسبه‌گر اقساط وام دقیق است؟",
    "a": "بله، محاسبات بر اساس فرمول استاندارد اقساط مساوی انجام می‌شود و نتیجه در قالب تومان نمایش داده می‌شود."
  },
  {
    "q": "اگر نرخ سود صفر باشد قسط چگونه محاسبه می‌شود؟",
    "a": "در نرخ سود صفر، قسط ماهانه برابر است با مبلغ وام تقسیم بر تعداد ماه‌های بازپرداخت."
  },
  {
    "q": "آیا اطلاعات من به سرور ارسال می‌شود؟",
    "a": "خیر، همه محاسبات داخل مرورگر انجام می‌شود و هیچ داده‌ای ارسال یا ذخیره نمی‌شود."
  },
  {
    "q": "چرا وام بلندمدت سود بیشتری دارد؟",
    "a": "چون تعداد دوره‌های پرداخت بیشتر می‌شود و سود در بازه طولانی‌تری محاسبه و پرداخت می‌گردد."
  },
  {
    "q": "می‌توانم سناریوهای مختلف را مقایسه کنم؟",
    "a": "در V2 می‌توانید ورودی‌ها را تغییر دهید و نتایج را ذخیره کنید. مقایسه چند سناریو به شکل پیشرفته می‌تواند در V3 اضافه شود."
  }
]