[
  {
    "q": "حقوق ناخالص و خالص چه تفاوتی دارند؟",
    "a": "حقوق ناخالص قبل از کسر بیمه و مالیات است و حقوق خالص مبلغ دریافتی بعد از کسورات است."
  },
  {
    "q": "آیا محاسبات حقوق به‌روز است؟",
    "a": "محاسبه بر اساس پیکربندی داخلی سال انتخاب‌شده انجام می‌شود. در صورت تغییر قوانین، باید فایل قوانین به‌روزرسانی شود."
  },
  {
    "q": "آیا داده‌های من ذخیره یا ارسال می‌شود؟",
    "a": "خیر، محاسبات به‌صورت محلی انجام می‌شود و اطلاعات ارسال یا ذخیره نمی‌شود."
  },
  {
    "q": "اگر بیمه یا مالیات را دستی وارد کنم چه می‌شود؟",
    "a": "در حالت دستی، محاسبه‌گر از مقادیر واردشده شما استفاده می‌کند تا خروجی دقیق مطابق شرایط شما باشد."
  },
  {
    "q": "این ابزار برای چه کسانی مناسب است؟",
    "a": "برای افرادی که می‌خواهند حقوق خالص خود را سریع و شفاف محاسبه کنند و اثر بیمه و مالیات را ببینند."
  }
]